Constraint,Average,Maximum,Minimum,Standard deviation,Median
maxStreak,375.020583,505.0,259.0,26.71383449338771,375.0
noRepeat,78.97222,152.0,30.0,12.572457368056575,78.0
Double round-robin,2249.542932,2588.0,1920.0,63.259075497855456,2250.0
