Constraint,Average,Maximum,Minimum,Standard deviation,Median
maxStreak,18.751237,53.0,0.0,6.089094018803703,18.0
noRepeat,18.8948,54.0,0.0,6.1855267326235035,18.0
Double round-robin,126.10108,202.0,50.0,15.630512942114219,126.0
