Constraint,Average,Maximum,Minimum,Standard deviation,Median
maxStreak,152.746295,250.0,74.0,17.09101719538586,152.0
noRepeat,50.947752,108.0,8.0,10.114409431424853,50.0
Double round-robin,932.977182,1150.0,726.0,41.005515620936606,932.0
