Constraint,Average,Maximum,Minimum,Standard deviation,Median
maxStreak,236.005232,340.0,139.0,21.251934938404457,236.0
noRepeat,62.95926,126.0,18.0,11.231771198364042,62.0
Double round-robin,1427.398018,1662.0,1194.0,50.62502880662562,1428.0
