Constraint,Average,Maximum,Minimum,Standard deviation,Median
maxStreak,178.498226,283.0,99.0,18.467288562561745,178.0
noRepeat,54.946778,116.0,14.0,10.504330888672348,54.0
Double round-robin,1086.144038,1296.0,876.0,44.18836128500984,1086.0
