Constraint,Average,Maximum,Minimum,Standard deviation,Median
maxStreak,87.48764,158.0,33.0,12.996859975794152,87.0
noRepeat,38.932232,98.0,4.0,8.836922060207163,38.0
Double round-robin,543.140702,696.0,390.0,31.471649511063063,544.0
