Constraint,Average,Maximum,Minimum,Standard deviation,Median
maxStreak,593.7536,762.0,424.0,33.57533262739179,593.0
noRepeat,98.994888,172.0,38.0,14.087374129604708,98.0
Double round-robin,3538.644238,3930.0,3184.0,79.25915503838884,3538.0
