Constraint,Average,Maximum,Minimum,Standard deviation,Median
maxStreak,500.177524,657.0,343.0,30.809461423877956,500.0
noRepeat,90.988802,162.0,36.0,13.506165207222809,90.0
Double round-robin,2988.194898,3322.0,2638.0,72.82827491276723,2988.0
