Constraint,Average,Maximum,Minimum,Standard deviation,Median
maxStreak,28.490449,74.0,2.0,7.471873578855506,28.0
noRepeat,22.915262,66.0,0.0,6.806615272758996,22.0
Double round-robin,186.290514,284.0,92.0,18.8116507945423,186.0
