Constraint,Average,Maximum,Minimum,Standard deviation,Median
maxStreak,301.485019,420.0,185.0,23.946329730663088,301.0
noRepeat,70.975322,136.0,22.0,11.913598238832634,70.0
Double round-robin,1815.240954,2092.0,1550.0,56.89912966970481,1816.0
