Constraint,Average,Maximum,Minimum,Standard deviation,Median
maxStreak,414.735364,558.0,286.0,28.04998252740105,414.0
noRepeat,82.980746,156.0,30.0,12.883464645951571,82.0
Double round-robin,2483.896244,2818.0,2180.0,66.50366933254483,2484.0
