Constraint,Average,Maximum,Minimum,Standard deviation,Median
maxStreak,456.516517,637.0,322.0,29.478743209111055,456.0
noRepeat,86.97057,160.0,34.0,13.19162787055108,86.0
Double round-robin,2730.13317,3082.0,2390.0,69.65181035515945,2730.0
