Constraint,Average,Maximum,Minimum,Standard deviation,Median
maxStreak,337.249869,464.0,218.0,25.37376713227343,337.0
noRepeat,74.997824,142.0,16.0,12.251664509976758,74.0
Double round-robin,2026.418454,2314.0,1754.0,60.13289532568578,2026.0
