Constraint,Average,Maximum,Minimum,Standard deviation,Median
maxStreak,128.99933,206.0,63.0,15.734528450230089,129.0
noRepeat,46.965168,106.0,10.0,9.704505486204642,46.0
Double round-robin,791.376736,972.0,614.0,37.8737856305163,792.0
