Constraint,Average,Maximum,Minimum,Standard deviation,Median
maxStreak,267.756903,384.0,163.0,22.574763494853954,267.0
noRepeat,66.98519,140.0,20.0,11.572860522096512,66.0
Double round-robin,1615.556946,1916.0,1330.0,53.830895321860346,1616.0
