Constraint,Average,Maximum,Minimum,Standard deviation,Median
maxStreak,69.750365,133.0,23.0,11.615445207428555,69.0
noRepeat,34.951038,80.0,2.0,8.370815654555772,34.0
Double round-robin,436.538614,576.0,316.0,28.336133451108047,436.0
