Constraint,Average,Maximum,Minimum,Standard deviation,Median
maxStreak,546.025597,711.0,393.0,32.18879183494763,546.0
noRepeat,94.997122,166.0,34.0,13.806187298349828,94.0
Double round-robin,3257.475096,3628.0,2908.0,76.01928584109947,3258.0
