Constraint,Average,Maximum,Minimum,Standard deviation,Median
maxStreak,107.267149,187.0,40.0,14.368069056480728,107.0
noRepeat,42.95066,94.0,6.0,9.287308628682482,42.0
Double round-robin,661.448022,836.0,506.0,34.68922870701388,662.0
