Constraint,Average,Maximum,Minimum,Standard deviation,Median
maxStreak,54.001201,115.0,11.0,10.241530137513587,54.0
noRepeat,30.93733,74.0,2.0,7.874434104816675,30.0
Double round-robin,341.488316,464.0,222.0,25.118861667761617,342.0
