Constraint,Average,Maximum,Minimum,Standard deviation,Median
maxStreak,11.006383,42.0,0.0,4.6879183287799515,11.0
noRepeat,14.860544,48.0,0.0,5.528260488079772,14.0
Double round-robin,77.578314,138.0,12.0,12.52043740918839,78.0
