Constraint,Average,Maximum,Minimum,Standard deviation,Median
maxStreak,40.251706,89.0,7.0,8.87751835196999,40.0
noRepeat,26.919424,72.0,0.0,7.367295535556043,26.0
Double round-robin,258.064002,372.0,154.0,21.955062736052383,258.0
